url,name,price,currency,category,imageUrl,note,store,rating,featured,published
https://link.amazon/B0iUywKG9,,,INR,,,,Amazon,,no,no
https://link.amazon/B0fiXkscd,,,INR,,,,Amazon,,no,no
https://link.amazon/B0d3Ps0EU,,,INR,,,,Amazon,,no,no
https://link.amazon/B0hEwH5RX,,,INR,,,,Amazon,,no,no
https://link.amazon/B05ziD8mK,,,INR,,,,Amazon,,no,no
https://link.amazon/B0bhN7Y1o,,,INR,,,,Amazon,,no,no
https://link.amazon/B0jaBZlif,,,INR,,,,Amazon,,no,no
https://link.amazon/B03L122Ma,,,INR,,,,Amazon,,no,no
https://link.amazon/B03vV7Q6B,,,INR,,,,Amazon,,no,no
https://link.amazon/B0f7ryTFR,,,INR,,,,Amazon,,no,no
https://link.amazon/B0cKXCULR,,,INR,,,,Amazon,,no,no
https://link.amazon/B0eJ8neDv,,,INR,,,,Amazon,,no,no
https://link.amazon/B0acIDLQ5,,,INR,,,,Amazon,,no,no
https://link.amazon/B0hZb4O96,,,INR,,,,Amazon,,no,no
https://link.amazon/B0c7CdCyz,,,INR,,,,Amazon,,no,no
https://link.amazon/B04gzi476,,,INR,,,,Amazon,,no,no
https://link.amazon/B0avUaMlt,,,INR,,,,Amazon,,no,no
https://link.amazon/B07lZedDD,,,INR,,,,Amazon,,no,no
https://link.amazon/B0b4diRNO,,,INR,,,,Amazon,,no,no
